{"products": {"Surf Excel": {"name": "Surf Excel", "colors": ["Orange", "Blue"], "description": "Best washing dish in the market", "location": "Ground Floor", "category": "Home essentials", "count": 2000, "newName": ""}, "SunSilk": {"name": "SunSilk", "colors": ["Black", "Yellow", "Pink"], "description": "For Long and Silky Hair", "location": "1st Floor", "category": "Beauty Products", "count": 300, "newName": ""}, "Dalda Olive Oil": {"name": "Dalda Olive Oil", "colors": ["Yellow"], "description": "For Healthy Life-style", "location": "2nd floor", "category": "Food", "count": 1200, "newName": "Dalda Olive Oil"}, "Maggi": {"name": "Maggi", "colors": ["Red", "Green"], "description": "The same Great Taste", "location": "2nd Floor", "category": "Food", "count": 200, "newName": "Knoor Noodles"}, "Kitkate": {"name": "Kitkate", "colors": ["Red"], "description": "Crunchy and Fun to eat", "location": "2nd Floor", "category": "Food", "count": 300, "newName": ""}}, "categories": ["Home essentials", "Beauty Products", "Food", "Clothes"]}